State,District,Latitude,Longitude,District code,Population,Housholds_with_Electric_Lighting,Households_with_Internet,sex_ratio,literacy_rate
Andhra Pradesh,Adilabad,19.284513950073435,78.81321233480176,532,2741239,566108,5512,100.15,54.11
Andhra Pradesh,Anantapur,14.312065561843148,77.4601584478577,553,4081148,897970,8606,97.68,56.63
Andhra Pradesh,Chittoor,13.33109263067696,78.92763898886037,554,4174064,944555,13763,99.7,63.92
Andhra Pradesh,East Godavari,16.782718320784902,82.2432074720511,545,5154296,1297273,22411,100.58,63.8
Andhra Pradesh,Guntur,15.884925767634847,80.58657614107885,548,4887813,1186028,19383,100.28,60.57
Andhra Pradesh,Hyderabad,17.38971555555556,78.46668888888888,536,3943323,869721,149034,95.35,73.34
Andhra Pradesh,Karimnagar,18.515483193277312,79.43765428571413,534,3776269,926768,8831,100.78,58.44
Andhra Pradesh,Khammam,17.683921325051784,80.67008643892335,541,2797370,668519,8628,101.11,58.28
Andhra Pradesh,Krishna,16.143872753151673,81.14805061000413,547,4517398,1163932,30438,99.23,66.63
Andhra Pradesh,Kurnool,15.43759715142429,77.90086836581717,552,4053463,816721,10081,98.77,52.48
Andhra Pradesh,Mahbubnagar,16.639546224256293,77.98933089244859,538,4053028,757821,6153,97.67,47.88
Andhra Pradesh,Medak,17.889304978038055,78.13778901903379,535,3033288,604719,8635,99.16,53.97
Andhra Pradesh,Nalgonda,17.113250515463907,79.16984453608244,539,3488809,789225,7715,98.25,57.36
Andhra Pradesh,Nizamabad,18.429485849056604,78.07523490566035,533,2551335,545913,5261,104.0,54.47
Andhra Pradesh,Prakasam,15.489039001601704,80.11665790176184,549,3397448,763746,6151,98.13,56.05
Andhra Pradesh,Srikakulam,18.570900998697432,84.25874814010675,542,2703114,615432,3988,101.46,55.32
Andhra Pradesh,Vizianagaram,18.28329696032972,83.45982854198873,543,2344474,527736,4453,101.85,52.82
Andhra Pradesh,Warangal,18.01752608695651,79.87422028985509,540,3512576,828077,12952,99.66,58.79
Andhra Pradesh,West Godavari,16.63297943925236,81.45912990654196,546,3936966,1017568,12050,100.36,67.37
Arunachal Pradesh,Changlang,27.360484793388455,96.37552644628106,253,148226,14593,170,92.63,49.37
Arunachal Pradesh,East Kameng,27.371194055944056,93.04741486013997,247,78690,5318,57,102.94,48.86
Arunachal Pradesh,East Siang,28.153823529411756,95.06499226006191,251,99214,14231,450,97.97,63.07
Arunachal Pradesh,Kurung Kumey,28.048533518005534,93.24531994459834,256,92076,3911,95,103.18,39.76
Arunachal Pradesh,Lohit,27.946785273972623,96.59670770547945,259,145726,17157,312,91.19,57.0
Arunachal Pradesh,Lower Dibang Valley,28.32651730103806,95.76567335640142,258,54080,5932,207,92.78,58.89
Arunachal Pradesh,Lower Subansiri,27.70849297297297,93.96226108108112,255,83030,12493,381,98.43,65.11
Arunachal Pradesh,Papum Pare,27.273529716981127,93.54468183962264,248,176573,30539,2477,97.99,68.55
Arunachal Pradesh,Tawang,27.680683962264148,91.82504245283016,245,49977,8635,96,71.44,52.17
Arunachal Pradesh,Tirap,26.94406229508198,95.41470327868862,254,111975,16026,98,94.39,42.84
Arunachal Pradesh,Upper Siang,28.8309244897959,95.00155765306124,252,35320,6198,97,88.89,51.51
Arunachal Pradesh,Upper Subansiri,28.277196566523585,93.8991435622318,249,83448,5373,139,99.84,54.26
Arunachal Pradesh,West Kameng,27.46486582278483,92.65015750452083,246,83947,14188,202,81.88,57.77
Arunachal Pradesh,West Siang,28.106296920289843,94.53510344202908,250,112274,14204,303,93.02,57.67
Assam,Barpeta,26.427872264631056,90.97912010178116,303,1693622,84804,2078,95.34,52.97
Assam,Bongaigaon,26.450125219941334,90.6734296187684,319,738804,49866,2523,96.59,58.75
Assam,Cachar,24.815570668693017,92.86849650455927,316,1736617,140205,5316,95.94,67.61
Assam,Darrang,26.58463215962442,92.04141338028155,325,928500,45444,1166,95.36,52.45
Assam,Dhemaji,27.586533438485816,94.71336908517353,308,686133,28195,1192,95.34,61.65
Assam,Dibrugarh,27.30612284482757,95.0998282327587,310,1326335,136685,8817,96.08,66.69
Assam,Goalpara,26.017277777777807,90.59869891598912,302,1008183,78641,1364,96.42,55.9
Assam,Golaghat,26.377219709794485,93.82583397823468,313,1066888,82345,3073,96.42,67.65
Assam,Hailakandi,24.457496089385486,92.59154664804475,318,659296,44143,1211,95.12,61.79
Assam,Jorhat,26.76244824016563,94.30197722567289,312,1092256,122063,5651,96.16,72.78
Assam,Kamrup,26.170939452054807,91.58863273972592,321,1517542,122191,3109,94.94,65.59
Assam,Karbi Anglong,26.08966454598031,93.11536570271832,314,956313,53918,1923,95.1,58.27
Assam,Karimganj,24.69660712250711,92.3679498575498,317,1228686,70951,1933,96.32,64.73
Assam,Kokrajhar,26.497246635730868,90.13997470997688,300,887142,41373,1218,95.88,55.16
Assam,Lakhimpur,27.141288059701495,94.0775949253732,307,1042137,60296,1948,96.75,65.59
Assam,Nagaon,26.26462170626351,92.9306191144708,305,2823768,195631,5121,96.22,60.58
Assam,Nalbari,26.46323767605632,91.40598521126763,323,771639,68313,1631,94.86,68.91
Assam,Sonitpur,26.73514926829268,92.85197804878044,306,1924110,133368,4358,95.56,57.61
Assam,Tinsukia,27.53549291139241,95.69055949367085,309,1327929,161718,5135,95.22,60.12
Bihar,Araria,26.211528119180603,87.30766554934816,209,2811569,43290,2561,92.13,42.53
Bihar,Aurangabad,24.774291867469874,84.45986024096379,235,2540073,44456,2362,92.62,57.71
Bihar,Aurangabad,24.774291867469874,84.45986024096379,515,3701282,589477,23258,92.33,67.65
Bihar,Banka,24.832355642023337,86.8664916342413,225,2034763,62359,1704,90.67,47.44
Bihar,Begusarai,25.54302613168723,86.12560144032932,222,2970541,120373,4644,89.49,52.13
Bihar,Bhagalpur,25.277192885375474,87.04213814229242,224,3037766,174534,6764,88.02,51.78
Bihar,Bhojpur,25.50666439393939,84.49407803030304,231,2728407,62153,3661,90.75,58.61
Bihar,Buxar,25.48593018867924,84.08808081760995,232,1706352,46760,1784,92.16,58.01
Bihar,Darbhanga,26.146187719298258,85.97387352472099,215,3937385,127442,6280,91.14,46.14
Bihar,Gaya,24.7266541547278,84.94291217765044,236,4391418,112617,6856,93.75,52.32
Bihar,Gopalganj,26.44874364161851,84.34636127167629,217,2562012,69375,3707,102.1,53.98
Bihar,Jamui,24.78418380462726,86.26316298200514,238,1760405,32633,1839,92.17,48.77
Bihar,Jehanabad,25.155679045643165,84.9208124481328,239,1125313,27641,1106,92.17,55.0
Bihar,Katihar,25.56565356037151,87.70466083591326,212,3071029,60900,2941,91.89,41.69
Bihar,Khagaria,25.53558891454964,86.56593256351037,223,1666886,40641,1580,88.61,46.08
Bihar,Kishanganj,26.324336758321294,87.95045007235886,210,1690400,58718,1093,94.98,44.08
Bihar,Lakhisarai,25.183449321266963,86.12825701357468,227,1000912,44491,1186,90.16,50.68
Bihar,Madhepura,25.77341929460581,86.8978443983403,213,2001762,23236,1397,91.09,41.69
Bihar,Madhubani,26.41380538172716,86.16328360450552,207,4487379,113281,5319,92.65,48.03
Bihar,Munger,25.198537962962963,86.54173672839504,226,1367765,90461,2653,87.61,58.62
Bihar,Muzaffarpur,26.18664417177915,85.32745092024543,216,4801062,180651,10290,89.95,52.26
Bihar,Nalanda,25.229345508982053,85.48053113772461,229,2877653,101378,4156,92.22,52.82
Bihar,Nawada,24.825708836206903,85.61594568965519,237,2219146,31162,1841,93.87,49.16
Bihar,Pashchim Champaran,27.16064352201258,84.30265911949685,203,3935042,57546,3495,90.92,44.71
Bihar,Patna,25.40297114503818,85.3198433587787,230,5838465,546859,40692,89.65,59.26
Bihar,Purba Champaran,26.68129336734693,85.00382155612242,204,5099371,74979,7719,90.19,44.65
Bihar,Purnia,25.81714801901739,87.40447606973065,211,3264619,86058,4170,92.11,40.81
Bihar,Rohtas,24.99170460829495,83.9350762672811,234,2959918,114893,4594,91.76,60.81
Bihar,Saharsa,25.821270696721303,86.54670819672135,214,1900661,41342,1668,90.6,42.35
Bihar,Samastipur,25.793205563909765,85.94833323308269,221,4261566,88021,5379,91.1,50.28
Bihar,Saran,25.89656077844312,84.82266287425155,219,3951862,94787,4509,95.36,54.59
Bihar,Sheikhpura,25.12472436548223,85.77839390862943,228,636342,20065,631,92.98,51.65
Bihar,Sheohar,26.458380748663107,85.29539411764709,205,656246,10004,478,89.3,43.23
Bihar,Sitamarhi,26.56570069686413,85.61172491289203,206,3423574,66263,3460,89.86,41.97
Bihar,Siwan,26.1736372013652,84.33766552901022,218,3330464,52935,3834,98.82,57.96
Bihar,Supaul,26.28157893772896,86.78496465201461,208,2229076,51028,1845,92.95,46.35
Bihar,Vaishali,25.8134703180212,85.39247597173153,220,3495021,70001,4810,89.48,55.13
Chandigarh,Chandigarh,30.7426,76.75872465753424,55,1055450,231204,44283,81.77,76.31
Chhattisgarh,Bastar,19.393866751269048,81.52895126903546,414,1413199,157646,1782,102.32,46.06
Chhattisgarh,Bilaspur,22.356942982456143,81.99770350877188,30,381956,79146,1574,98.15,75.3
Chhattisgarh,Bilaspur,22.356942982456143,81.99770350877188,406,2663629,519704,8566,97.08,59.94
Chhattisgarh,Dhamtari,20.554912627291245,81.7569195519348,412,799781,148926,1016,101.0,68.37
Chhattisgarh,Durg,21.194463849287164,81.33181639511197,409,3343872,614109,16141,98.79,68.88
Chhattisgarh,Jashpur,22.772861676646695,83.8703962075848,402,851669,76783,567,100.51,58.17
Chhattisgarh,Korba,22.491712499999995,82.57604326923074,404,1206640,202380,4544,96.87,62.05
Chhattisgarh,Koriya,23.50412776859501,82.12515636363635,400,658917,80023,1667,96.85,60.38
Chhattisgarh,Mahasamund,21.22372703777335,82.65925427435384,411,1032754,212487,961,101.72,61.77
Chhattisgarh,Raigarh,22.008265068493166,83.27797698630134,403,1493984,297308,3342,99.12,63.7
Chhattisgarh,Raigarh,22.008265068493166,83.27797698630134,520,2634200,547206,38570,95.95,73.65
Chhattisgarh,Raipur,20.88603153846152,82.20032759615388,410,4063872,728556,20261,98.41,64.71
Chhattisgarh,Surguja,23.32719278728607,83.23582493887531,401,2359886,253131,2737,97.79,50.34
Daman and Diu,Daman,20.43161666666667,72.8392366071429,495,191173,49249,1316,53.36,78.64
Daman and Diu,Junagadh,20.72568199498111,70.83985639899612,479,2743082,498326,6628,95.33,67.18
Goa,North Goa,15.548723418714054,73.80667997909038,585,818008,173951,23440,96.32,81.06
Goa,South Goa,15.195278658183785,73.941792596877,586,640537,138810,17624,98.64,78.44
Gujarat,Ahmadabad,22.605425564971743,72.23898135593227,474,7214225,1456046,126341,90.45,75.35
Gujarat,Amreli,21.04832649310872,71.43457637825426,480,1514190,273331,2538,96.38,65.74
Gujarat,Anand,22.282718206229863,72.57782051557454,482,2092745,378310,9902,92.49,74.13
Gujarat,Banas Kantha,24.258538965517253,71.93205252873561,469,3120506,396873,3424,93.77,54.64
Gujarat,Bharuch,21.757872762377612,72.67326346710801,488,1551019,309091,10257,92.5,72.1
Gujarat,Bhavnagar,21.702193903417356,72.16272632761141,481,2880365,500757,7297,93.29,65.52
Gujarat,Gandhinagar,23.193679790026255,72.67221679790026,473,1391753,262539,12107,92.27,74.04
Gujarat,Jamnagar,22.410600414263328,69.62062005768233,477,2160119,386538,11573,93.87,64.65
Gujarat,Junagadh,20.929523011609785,70.54733890140345,479,2743082,498326,6628,95.33,67.18
Gujarat,Kachchh,23.48057203301311,68.82192301497916,468,2092371,403294,9631,90.78,59.85
Gujarat,Kheda,22.88765312500002,73.018803515625,483,2299885,372226,5710,93.96,72.19
Gujarat,Mahesana,23.529355452865065,72.45545194085031,471,2035064,385609,7759,92.62,73.84
Gujarat,Narmada,21.706663862928337,73.68403208722742,487,590297,101940,576,96.06,62.74
Gujarat,Navsari,20.866973318871995,72.86184869848157,490,1329672,267679,6726,96.07,75.35
Gujarat,Panch Mahals,22.80435606837605,73.61984598290586,484,2390776,398937,3456,94.85,60.27
Gujarat,Patan,23.80634198473284,71.75162977099237,470,1343734,223424,2231,93.51,62.36
Gujarat,Porbandar,21.55092351651571,69.71896987722886,478,585449,117040,1653,95.01,67.24
Gujarat,Rajkot,22.40603377715488,70.83679439383323,476,3804558,747352,21785,92.69,71.63
Gujarat,Sabar Kantha,23.71803594548552,73.13638790459964,472,2428589,438606,5262,95.19,65.01
Gujarat,Surat,21.25761372772093,72.93488716344339,492,6081322,1252452,55694,78.75,75.17
Gujarat,Surendranagar,22.82672007299272,71.48358740875906,475,1756268,302068,2975,93.01,62.27
Gujarat,The Dangs,20.801633877551023,73.6883518367347,489,228291,29794,137,100.57,61.75
Gujarat,Vadodara,22.26133739279589,73.49433010291594,486,4165626,798277,53606,93.41,69.45
Gujarat,Valsad,20.44238231644259,72.9148584798345,491,1705678,329218,11020,92.25,68.63
Haryana,Ambala,30.3503672316384,76.94970310734456,70,1128350,199681,12899,88.47,72.5
Haryana,Bhiwani,28.728868064516128,76.02110225806452,81,1634445,266244,5292,88.59,65.46
Haryana,Faridabad,28.14873109756098,77.32718536585368,88,1809733,333171,43437,87.32,70.33
Haryana,Fatehabad,29.572983185840716,75.54608716814157,78,942011,153301,3210,90.17,59.19
Haryana,Gurgaon,28.043894789579163,77.01935130260523,86,1514432,305751,67087,85.44,73.37
Haryana,Hisar,29.23628731117825,75.84324682779452,80,1743931,285004,10132,87.21,63.9
Haryana,Jhajjar,28.59651868131869,76.61137142857145,83,958405,168558,5034,86.22,70.54
Haryana,Jind,29.45149821958457,76.29598575667653,77,1334152,222462,5263,87.12,62.42
Haryana,Kaithal,29.96068539094649,76.37698930041155,73,1074304,187349,3724,88.14,60.18
Haryana,Karnal,29.703200647249204,76.87488025889972,74,1505324,267223,11163,88.71,64.97
Haryana,Kurukshetra,30.05652659846548,76.78774680306903,72,964655,171908,7356,88.79,67.06
Haryana,Mahendragarh,28.1352161458333,76.14018072916659,84,922088,135455,2624,89.47,68.35
Haryana,Panchkula,30.700897142857137,76.97173238095236,69,561293,103455,18615,87.3,72.21
Haryana,Panipat,29.34352134146342,76.92895914634147,75,1205437,209965,10024,86.35,65.25
Haryana,Rewari,28.19164714828897,76.55956007604564,85,900332,152651,5121,89.81,70.75
Haryana,Rohtak,28.892517647058817,76.53123235294117,82,1061204,193120,8482,86.67,70.45
Haryana,Sirsa,29.635834463276836,74.90970480225988,79,1295189,215527,6287,89.75,60.45
Himachal Pradesh,Bilaspur,31.3780422907489,76.65316079295157,30,381956,79146,1574,98.15,75.3
Himachal Pradesh,Bilaspur,31.3780422907489,76.65316079295157,406,2663629,519704,8566,97.08,59.94
Himachal Pradesh,Chamba,32.66741814595661,76.39354063116366,23,519080,96082,1615,98.64,62.39
Himachal Pradesh,Hamirpur,31.67668481012659,76.49767088607594,28,454768,104120,2521,109.5,78.74
Himachal Pradesh,Hamirpur,31.67668481012659,76.49767088607594,168,1104285,55929,1196,86.05,59.16
Himachal Pradesh,Kangra,32.14093603238864,76.41205910931173,24,1510075,330081,8053,101.18,76.33
Himachal Pradesh,Kinnaur,31.606671840659335,78.51613736263741,34,84121,17865,354,81.89,72.16
Himachal Pradesh,Kullu,31.90911922077925,77.40922649350647,26,437903,91322,2623,94.23,70.26
Himachal Pradesh,Mandi,31.635805940594057,76.96556930693067,27,999777,214491,5333,100.73,72.39
Himachal Pradesh,Shimla,31.155725451807253,77.62573042168668,33,814010,172754,9177,91.51,75.26
Himachal Pradesh,Sirmaur,30.682764453961443,77.43184689507493,32,529855,91509,2220,91.78,68.44
Himachal Pradesh,Solan,31.038643119266037,76.94442140672783,31,580320,119866,5250,87.96,73.85
Himachal Pradesh,Una,31.583303883495137,76.18353932038836,29,521173,105929,2412,97.64,76.7
Jammu and Kashmir,Doda,33.359614675767915,76.07163720136518,16,409936,61831,596,91.88,53.44
Jammu and Kashmir,Jammu,32.713199095022645,74.8477520361991,21,1529958,294739,19905,88.0,74.32
Jammu and Kashmir,Kargil,33.565994894894914,76.63675315315312,4,140802,15824,235,81.01,61.25
Jammu and Kashmir,Kathua,32.51781678321678,75.58901398601404,7,616435,109422,1443,89.03,63.14
Jammu and Kashmir,Pulwama,33.88414418604652,75.00921860465118,12,560440,73629,1537,91.23,52.45
Jammu and Kashmir,Punch,33.791241290322574,74.29593161290322,5,476835,62900,346,89.3,54.89
Jammu and Kashmir,Srinagar,34.27312898550724,75.11021159420288,10,1236829,165403,16413,89.95,60.52
Jammu and Kashmir,Udhampur,33.04770670731707,75.15286951219511,19,554985,73999,1214,87.0,58.08
Jharkhand,Bokaro,23.6814965034965,85.98398374125864,355,2062330,274726,9754,92.24,61.75
Jharkhand,Chatra,24.116199457504532,84.93295804701627,347,1042886,27037,590,95.32,48.91
Jharkhand,Deoghar,24.330701007556716,86.75697632241814,350,1492073,130193,1944,92.52,53.18
Jharkhand,Dhanbad,23.854509090909097,86.40372924901185,354,2684487,427173,11568,90.94,64.15
Jharkhand,Dumka,24.275006125574265,87.27662450229711,362,1321442,62110,1193,97.67,50.88
Jharkhand,Garhwa,24.082114689265527,83.68664265536722,346,1322784,29373,565,93.51,49.4
Jharkhand,Giridih,24.30578509874329,86.08710915619386,349,2445474,125431,1944,94.38,51.26
Jharkhand,Godda,24.818899999999996,87.2941735483871,351,1313551,43230,874,93.76,46.02
Jharkhand,Gumla,23.078532948929148,84.55056787479396,366,1025213,31687,831,99.31,54.6
Jharkhand,Jamtara,23.978733180778015,86.95325080091534,363,791042,49419,808,95.4,53.89
Jharkhand,Latehar,23.72511185840708,84.48298743362837,359,726978,38194,340,96.66,48.24
Jharkhand,Lohardaga,23.488796043165483,84.6605169064748,356,461790,28769,351,98.51,56.24
Jharkhand,Pakur,24.572604280821892,87.69691969178076,353,900422,31414,328,98.92,39.19
Jharkhand,Palamu,24.196925968109337,84.20310842824594,358,1939869,68238,2155,92.77,52.82
Jharkhand,Ranchi,23.184235061391547,85.31781937244203,364,2914253,350908,22538,94.94,65.59
Jharkhand,Sahibganj,24.93667989690721,87.68264097938142,352,1150567,34879,591,95.21,42.0
Jharkhand,Simdega,22.608760391198057,84.59193691931536,367,599578,16865,423,99.65,57.29
Karnataka,Bagalkot,16.15860676328503,75.64526070853468,556,1889752,301389,3745,98.9,58.92
Karnataka,Bangalore Rural,12.936827087794448,77.47369314775169,583,990923,214253,3729,94.61,69.51
Karnataka,Belgaum,16.16107219152853,74.72329042357275,555,4779661,808827,17560,97.26,63.85
Karnataka,Bellary,15.074377548209377,76.47228471074374,565,2452595,440374,9626,98.28,57.96
Karnataka,Bidar,17.950361730769224,77.19459961538459,558,1703300,271439,3971,95.63,61.21
Karnataka,Bijapur,16.84015316666667,75.95909166666665,417,255230,12516,117,98.37,34.06
Karnataka,Bijapur,16.84015316666667,75.95909166666665,557,2177331,326594,4987,95.98,57.33
Karnataka,Chikmagalur,13.425288289676422,75.67626502311249,570,1137961,238505,4510,100.83,71.91
Karnataka,Chitradurga,14.29102220394736,76.57821957236843,566,1659456,307257,5711,97.36,65.53
Karnataka,Davanagere,14.330414586709884,75.91723841166937,567,1945497,372671,7320,97.23,67.26
Karnataka,Dharwad,15.343831376975173,75.13831264108359,562,1847023,347962,15013,97.08,70.47
Karnataka,Gadag,15.507128256880746,75.64861302752298,561,1064570,198064,3373,98.19,65.77
Karnataka,Gulbarga,17.070459515951594,76.87503850385033,579,2566326,404767,9752,97.14,55.62
Karnataka,Hassan,12.945098749999998,76.11049549999997,574,1776421,400702,4851,101.03,68.97
Karnataka,Haveri,14.737582809224318,75.3961230607966,564,1597668,295937,2456,95.04,67.94
Karnataka,Kodagu,12.39684468085106,75.79336595744688,576,554519,113931,3308,101.93,74.46
Karnataka,Kolar,13.312799881235172,78.01376947743476,581,1536401,309494,5051,97.89,66.14
Karnataka,Koppal,15.651253271028034,76.1617048598131,560,1389920,223166,2135,98.58,58.21
Karnataka,Mandya,12.574901806239744,76.81570098522172,573,1805769,391033,3367,99.51,63.67
Karnataka,Mysore,12.248100259403367,76.52881802853437,577,3001127,640868,28397,98.54,65.38
Karnataka,Raichur,16.050795353982295,76.87368606194688,559,1928812,314547,5200,99.98,50.8
Karnataka,Shimoga,14.063845885634592,75.17882078103197,568,1752753,363835,8791,99.76,72.06
Karnataka,Tumkur,13.592467760074973,77.02297966260545,571,2678980,562769,7971,98.36,67.69
Karnataka,Udupi,13.450404228534568,74.72009990316337,569,1177361,224814,9070,109.45,78.69
Kerala,Alappuzha,9.542602965599087,76.38010796263319,598,2127789,507913,28842,110.02,87.08
Kerala,Ernakulam,10.004879301987431,76.26957729035381,595,3282388,771287,88737,102.67,87.0
Kerala,Idukki,9.80480963855423,77.04586641566264,596,1108974,244844,8250,100.61,83.23
Kerala,Kannur,11.941523076923056,75.35209891725934,589,2523003,511167,32653,113.55,84.76
Kerala,Kasaragod,12.33310309912974,75.07768497134369,588,1307375,237670,10378,107.98,79.36
Kerala,Kollam,8.929388820570157,76.6360775852431,600,2635375,630767,31542,111.34,85.01
Kerala,Kottayam,9.643701174068417,76.46059673302705,597,1974551,464039,37849,103.92,88.62
Kerala,Kozhikode,11.392924270557026,75.71158720159153,591,3086293,641660,36791,109.82,84.74
Kerala,Malappuram,10.97329875666072,75.93910775606876,592,4112920,730119,27909,109.81,80.51
Kerala,Palakkad,10.784926903553291,76.49980490693744,593,2809934,587583,27162,106.69,79.7
Kerala,Thiruvananthapuram,8.537101759082221,76.88711502868073,601,3301427,783872,71621,108.73,84.37
Kerala,Thrissur,10.458932647907687,76.12321940836945,594,3121200,721625,56148,110.78,85.82
Kerala,Wayanad,11.715277464788736,76.07587007042254,590,817420,149864,4712,103.5,78.98
Madhya Pradesh,Anuppur,23.18184220430107,81.86560000000007,461,749237,81338,1290,97.63,58.27
Madhya Pradesh,Ashoknagar,24.630988461538458,77.82974493927134,459,845071,84720,619,90.4,55.51
Madhya Pradesh,Balaghat,21.80020720640569,80.42170053380796,457,1701698,277927,1712,102.06,67.44
Madhya Pradesh,Barwani,21.702135714285724,74.91004719710673,441,1385881,181139,1158,98.17,39.68
Madhya Pradesh,Betul,21.964626315789474,77.7873428189117,447,1575362,230974,2109,97.11,59.65
Madhya Pradesh,Bhind,26.35951126187245,78.7618324287653,420,1703005,107819,1166,83.74,64.29
Madhya Pradesh,Bhopal,23.480726143790857,77.39246623093679,444,2371061,452912,40788,91.81,70.04
Madhya Pradesh,Burhanpur,21.364567254408065,76.24460478589425,467,757847,112420,986,95.07,53.93
Madhya Pradesh,Chhatarpur,24.813637376460004,79.56449299191374,425,1762375,176056,1880,88.26,53.51
Madhya Pradesh,Chhindwara,22.227966971713823,78.76413136439254,455,2090922,344875,3588,96.43,61.9
Madhya Pradesh,Damoh,23.76624407960196,79.47049303482588,428,1264219,187731,1432,91.01,59.14
Madhya Pradesh,Datia,25.90226439560441,78.63916571428574,422,786754,97696,616,87.25,62.46
Madhya Pradesh,Dewas,22.7851110021322,76.46088805970157,437,1563715,270457,3518,94.16,59.18
Madhya Pradesh,Dhar,22.572681718963153,75.1105620736698,438,2185793,349639,2388,96.44,49.29
Madhya Pradesh,Dindori,22.837384370477572,81.04332966714911,453,704524,62372,554,100.2,53.75
Madhya Pradesh,Guna,24.49043927178156,77.2235895968791,458,1241519,144248,2482,91.19,52.68
Madhya Pradesh,Gwalior,26.040744419642852,78.12782433035713,421,2032036,306859,15779,86.37,66.79
Madhya Pradesh,Harda,22.227659781121783,77.07022571819435,448,570465,95066,986,93.48,61.8
Madhya Pradesh,Hoshangabad,22.595268801996703,78.02168094841929,449,1241350,198076,2871,91.35,65.3
Madhya Pradesh,Indore,22.680265752128648,75.9133801324502,439,3276697,593576,48691,92.79,70.47
Madhya Pradesh,Jabalpur,23.18525572327043,79.98328754716981,451,2463289,452023,20443,92.85,71.31
Madhya Pradesh,Jhabua,22.419578015397768,74.40921616766468,464,1025048,125411,744,99.03,34.35
Madhya Pradesh,Katni,23.724416229116937,80.33819665871127,450,1292042,172416,2179,95.17,61.2
Madhya Pradesh,Mandla,22.703487124463532,80.38600543633753,454,1054905,143803,912,100.83,57.35
Madhya Pradesh,Mandsaur,24.19278764044944,75.43588667736759,433,1340411,239885,2324,96.3,62.26
Madhya Pradesh,Morena,26.37313504531724,77.88447341389724,419,1965970,131486,1781,84.01,60.01
Madhya Pradesh,Neemuch,24.703118933333357,75.06608186666664,432,826067,145258,1945,95.45,61.6
Madhya Pradesh,Panna,24.451325840092657,80.21133001158752,426,1016520,76097,653,90.55,54.36
Madhya Pradesh,Raisen,23.292518206521724,78.16305495923909,446,1331597,194373,1141,90.13,61.6
Madhya Pradesh,Rajgarh,23.785499026425583,76.66431223922116,442,1545814,231130,1611,95.62,52.03
Madhya Pradesh,Ratlam,23.503562290502792,75.14895782122909,434,1455069,213825,3644,97.1,56.76
Madhya Pradesh,Rewa,24.861184625158856,81.57572465057183,430,2365106,251132,3406,93.05,60.96
Madhya Pradesh,Sagar,23.800318709677377,78.71940357771273,427,2378458,366494,4546,89.33,64.99
Madhya Pradesh,Satna,24.62777621776502,80.75547048710598,429,2228935,294702,3754,92.57,61.54
Madhya Pradesh,Sehore,22.9297199679658,77.06780202883085,445,1311332,212138,1566,91.79,59.51
Madhya Pradesh,Seoni,22.33230487804874,79.66053863928111,456,1379131,228695,1182,98.19,62.66
Madhya Pradesh,Shahdol,23.44859864559819,81.4596831828442,460,1066063,113184,1733,97.41,56.68
Madhya Pradesh,Shajapur,23.566620317220547,76.33555181268885,436,1512681,232735,1382,93.8,59.14
Madhya Pradesh,Sheopur,25.78014810996563,77.16911116838484,418,687861,74770,273,90.13,47.69
Madhya Pradesh,Shivpuri,25.37802451874367,77.74861600810549,423,1726050,148128,1852,87.66,52.19
Madhya Pradesh,Sidhi,24.175471899529057,82.1053783359498,462,1127033,102228,837,95.7,53.31
Madhya Pradesh,Tikamgarh,25.14099852104666,78.89357064846428,424,1445166,132725,1090,90.06,51.75
Madhya Pradesh,Ujjain,23.319288862745065,75.80383717647058,435,1986864,323379,7501,95.5,62.46
Madhya Pradesh,Umaria,23.59601063063061,80.90879477477475,431,644758,67975,839,94.98,55.32
Madhya Pradesh,Vidisha,23.828383079847917,77.9013507604563,443,1458875,181510,1926,89.57,59.15
Maharashtra,Akola,20.746310479041902,77.12122320359276,501,1813906,314490,6163,94.56,77.8
Maharashtra,Amravati,21.16520991810736,77.67583503184723,503,2888445,512492,9438,95.06,77.96
Maharashtra,Aurangabad,20.097922883295197,75.32072196796334,235,2540073,44456,2362,92.62,57.71
Maharashtra,Aurangabad,20.097922883295197,75.32072196796334,515,3701282,589477,23258,92.33,67.65
Maharashtra,Bhandara,21.211792649727748,80.10950199637024,506,1200334,227025,2932,98.23,74.97
Maharashtra,Bid,18.952353340080982,75.69319706477731,523,2585049,402052,5614,91.61,66.48
Maharashtra,Buldana,20.56680611183355,76.39017880364096,500,2586258,423036,4767,93.36,72.69
Maharashtra,Chandrapur,20.095609090909075,79.31556380471388,509,2204307,418666,8239,96.14,71.62
Maharashtra,Dhule,21.274018690400514,74.58719071837263,498,2050862,315332,6065,94.57,63.09
Maharashtra,Gondiya,21.225008411214993,80.17522698598128,507,1322507,239981,2866,99.91,75.93
Maharashtra,Hingoli,19.59525302245251,77.09239412780653,512,1177345,159114,1221,94.19,67.16
Maharashtra,Jalgaon,20.8828943415638,75.55140421810695,499,4229917,720791,14297,92.5,68.37
Maharashtra,Jalna,19.984612534818933,75.98473607242339,514,1959046,288895,3791,93.68,61.03
Maharashtra,Kolhapur,16.44881301587301,74.12897150793648,530,3876001,770005,22269,95.69,72.91
Maharashtra,Latur,18.348687268993856,76.75812607802874,524,2454196,381722,6217,92.77,67.26
Maharashtra,Nagpur,21.196556862745105,79.02166176470584,505,4653570,917626,57964,95.12,78.95
Maharashtra,Nanded,19.209316983017,77.6829048951049,511,3361292,488748,7548,94.29,65.14
Maharashtra,Nandurbar,21.523175625248147,74.32638757443429,497,1648295,186202,2579,97.83,55.0
Maharashtra,Nashik,20.266912871287143,74.03824168316828,516,6107187,904710,45039,93.44,71.15
Maharashtra,Osmanabad,18.194594560669437,75.99495575313809,525,1657576,240042,3209,92.4,68.64
Maharashtra,Parbhani,19.31032425249168,76.70163338870431,513,1836086,272486,3982,94.73,63.06
Maharashtra,Pune,18.51696171428573,74.12922881632647,521,9429408,1925019,235018,91.49,76.06
Maharashtra,Raigarh,18.453257637845976,73.0090609418579,403,1493984,297308,3342,99.12,63.7
Maharashtra,Raigarh,18.453257637845976,73.0090609418579,520,2634200,547206,38570,95.95,73.65
Maharashtra,Ratnagiri,17.210195070127703,73.25725893866404,528,1615069,367352,7752,112.2,74.26
Maharashtra,Sangli,17.154930181086502,74.70713822937628,531,2822143,485126,13212,96.57,72.62
Maharashtra,Satara,17.6737908974359,74.18052064102558,527,3003741,562653,14093,98.81,74.1
Maharashtra,Sindhudurg,16.170948049777163,73.51329008172343,529,849651,194228,3517,103.59,78.39
Maharashtra,Solapur,17.837357937584812,75.42394823609216,526,4317756,595560,15145,93.81,67.41
Maharashtra,Thane,19.698767747440264,72.79882742564581,517,11060148,2231800,256170,88.58,74.39
Maharashtra,Wardha,20.80743024390242,78.57259105691062,504,1300774,266155,4313,94.61,78.37
Maharashtra,Washim,20.282282394366213,77.25502394366208,502,1197160,196022,1875,93.0,72.67
Maharashtra,Yavatmal,20.04258346738159,78.05326371760479,510,2772348,446516,6094,95.24,72.96
Manipur,Bishnupur,24.50712111801243,93.8246236024845,275,237399,34364,676,99.86,65.85
Manipur,Chandel,24.2635812987013,94.09443844155844,280,144182,18764,184,93.33,62.63
Manipur,Churachandpur,24.30309718875504,93.38671506024085,274,274143,29894,837,97.48,71.47
Manipur,Senapati,25.08465586034914,94.03366234413956,272,479148,22798,256,93.73,55.2
Manipur,Tamenglong,24.98312942238265,93.49450740072204,273,140651,11541,125,94.35,60.44
Manipur,Thoubal,24.545392553191498,93.97959893617023,276,422168,49507,880,100.23,63.79
Manipur,Ukhrul,25.059003149606298,94.44129566929138,279,183998,14026,276,94.26,70.56
Meghalaya,East Garo Hills,25.82728228228228,90.64684924924916,294,317917,24550,288,97.19,60.44
Meghalaya,East Khasi Hills,25.303763888888884,91.75922519841272,298,825922,135941,5032,101.08,69.99
Meghalaya,Jaintia Hills,25.33959557069844,92.37608160136298,299,395124,41677,510,101.3,47.46
Meghalaya,South Garo Hills,25.240568578553617,90.64560349127176,295,142334,10940,179,94.53,57.65
Meghalaya,West Garo Hills,25.495285185185185,90.03709947089942,293,643291,51301,1630,98.45,55.76
Meghalaya,West Khasi Hills,25.500889926739926,91.25364542124538,296,383461,32873,149,97.95,60.16
Mizoram,Aizawl,23.907813354531015,92.85359459459472,283,400309,79804,4019,100.89,85.08
Mizoram,Champhai,23.54166580976866,93.24221799485862,284,125745,23948,186,98.37,80.16
Mizoram,Kolasib,24.202000434782597,92.73470391304348,282,83955,14853,367,95.62,78.49
Mizoram,Lawngtlai,22.361028431372535,92.66964156862753,287,117894,9283,162,94.55,53.32
Mizoram,Lunglei,23.007717036172675,92.63512555425892,286,161428,26394,482,94.75,75.03
Mizoram,Mamit,23.73852942502819,92.4330803833147,281,86364,12158,90,92.66,69.69
Mizoram,Saiha,22.35744801061008,93.02827931034489,288,56574,7400,168,97.85,74.65
Mizoram,Serchhip,23.263864705882344,92.914158496732,285,64937,12315,131,97.67,83.89
Nagaland,Dimapur,25.814176811594223,93.75074057971014,265,378811,71413,3303,91.91,73.4
Nagaland,Kohima,25.60311428571428,93.78600657596373,270,267988,50724,1928,92.84,73.69
Nagaland,Mokokchung,26.478911764705888,94.522426006192,262,194622,40154,537,92.52,81.95
Nagaland,Mon,26.69207374301676,95.03072988826828,261,250260,14398,178,89.95,47.8
Nagaland,Phek,25.63272986577182,94.56814563758392,266,163418,36182,170,95.14,64.8
Nagaland,Tuensang,26.211044532803157,94.85809880715708,267,196596,24998,155,92.87,59.77
Nagaland,Wokha,26.202611551155112,94.1990815181518,264,166343,25268,198,96.84,77.07
Nagaland,Zunheboto,26.028178205128206,94.50026666666668,263,140757,28846,261,97.65,73.09
Orissa,Baleshwar,21.48570932311624,87.08085828011933,377,2320529,296834,7370,95.7,69.86
Orissa,Bhadrak,20.95262735257214,86.81496204516931,378,1506337,164636,2637,98.13,72.64
Orissa,Cuttack,20.407640646029623,85.7776810228802,381,2624470,349587,15046,94.01,76.64
Orissa,Dhenkanal,20.798871593533494,85.53226836027711,383,1192811,117172,1810,94.72,69.58
Orissa,Gajapati,19.121080882352945,84.14015091911759,389,577817,63112,635,104.26,45.44
Orissa,Ganjam,19.263261756453396,84.80297710437702,388,3529031,405298,9049,98.35,62.62
Orissa,Jharsuguda,21.827058566978184,83.93581682242987,371,579505,81433,2498,95.32,70.04
Orissa,Kalahandi,19.784253092783523,83.1124043814433,395,1576869,91171,1953,100.34,50.86
Orissa,Kandhamal,20.092878624813142,84.02216352765326,390,733110,28736,768,103.67,54.53
Orissa,Kendrapara,20.606319815982264,86.83763247572003,379,1440361,173107,1628,100.66,75.62
Orissa,Khordha,20.054162322274863,85.52234834123229,386,2251673,349860,35701,92.92,77.72
Orissa,Koraput,18.82627794779476,82.81278469846964,398,1379647,85766,3988,103.25,41.18
Orissa,Malkangiri,18.25227930367506,81.98293636363628,399,613192,24604,448,101.96,39.91
Orissa,Mayurbhanj,21.89762154515775,86.4030408052231,376,2519738,140189,2950,100.58,54.35
Orissa,Nayagarh,20.192895622119817,85.05614700460825,385,962789,124984,1163,91.55,71.5
Orissa,Nuapada,20.471309512195113,82.59152536585364,394,610382,43976,757,102.14,49.05
Orissa,Puri,19.835091746031775,85.86698989898981,387,1698730,201605,3416,96.3,76.05
Orissa,Rayagada,19.292840020060204,83.45860120361095,396,967911,61543,1553,105.08,42.13
Orissa,Sambalpur,21.515752380952385,84.34958483245157,372,1041099,126498,5231,97.6,67.59
Orissa,Sundargarh,22.06354819277107,84.50524819277099,374,2093437,223537,12787,97.28,64.12
Puducherry,Karaikal,10.876161726078813,79.82369793621002,637,200222,47880,1868,104.71,77.37
Puducherry,Mahe,12.006420793787758,75.28275021570326,636,41816,7150,574,118.44,87.22
Puducherry,Yanam,16.707695652173904,82.26187304347832,634,55626,12859,207,103.75,70.6
Punjab,Amritsar,31.548679820627775,74.79883856502238,49,2490656,461231,29961,88.91,67.64
Punjab,Bathinda,30.190524611973352,75.05685898004438,46,1388525,255650,11284,86.83,60.85
Punjab,Faridkot,30.591187250996025,74.79751553784862,45,617508,113549,4348,89.03,61.75
Punjab,Fatehgarh Sahib,30.64290947368421,76.36208394736842,40,600163,113683,5138,87.09,70.99
Punjab,Firozpur,30.63407535211269,74.40245732394365,43,2029074,349662,10042,89.34,60.5
Punjab,Gurdaspur,32.04283371212125,75.3204064393939,35,2298323,411216,14428,89.53,71.13
Punjab,Hoshiarpur,31.55157169811319,75.8469857442349,38,1586625,319930,13747,96.11,75.61
Punjab,Jalandhar,31.250336907216507,75.54400350515463,37,2193590,446200,39082,91.54,73.97
Punjab,Kapurthala,31.336592638036834,75.47641165644177,36,815168,161206,9732,91.21,70.73
Punjab,Ludhiana,30.76596397379912,75.83110851528383,41,3498739,703624,58589,87.32,73.18
Punjab,Mansa,29.919547714285724,75.4304922857143,47,769751,140099,2673,88.33,55.03
Punjab,Moga,30.756540067340065,75.1600845117845,42,995746,183396,7897,89.33,63.06
Punjab,Muktsar,30.31243303303303,74.5518747747748,44,901896,166585,4571,89.62,58.19
Punjab,Patiala,30.214540380693364,76.27505893949697,48,1895686,352929,24274,89.09,66.82
Punjab,Rupnagar,30.910937330754347,76.53743500967126,51,684627,129123,6600,91.51,73.43
Punjab,Sangrur,30.185045204336895,75.89437014178496,53,1655169,305557,10736,88.51,60.54
Rajasthan,Ajmer,26.199300378787903,74.6990419191919,119,2583052,393498,13499,95.08,59.1
Rajasthan,Alwar,27.55271738035265,76.65359630562563,104,3674179,485723,9750,89.49,59.4
Rajasthan,Banswara,23.453642032967014,74.44246868131869,125,1797485,120603,2324,98.01,46.14
Rajasthan,Baran,24.980232432432437,76.86210651828291,128,1222755,161310,1363,92.88,56.7
Rajasthan,Barmer,25.77070908045978,71.50297126436782,115,2603751,126494,2766,90.19,45.64
Rajasthan,Bharatpur,27.32411858037578,77.21752077244258,105,2548462,288723,4179,87.98,58.11
Rajasthan,Bhilwara,25.451197677595637,74.63947595628417,122,2408523,373644,6207,97.3,52.15
Rajasthan,Bikaner,28.124890683229815,73.26943322981371,101,2363937,220793,7607,90.52,54.1
Rajasthan,Bundi,25.48580716049379,75.79984074074079,121,1110906,136969,1392,92.48,52.66
Rajasthan,Chittaurgarh,24.631623761665463,74.80010997846382,126,1544338,268172,4941,97.19,53.22
Rajasthan,Churu,28.29330375536484,74.65846427038629,102,2039547,231696,2577,93.98,56.35
Rajasthan,Dausa,26.91234817629181,76.57342097264443,109,1634409,195277,1719,90.54,57.39
Rajasthan,Dhaulpur,26.723970549450534,77.74476219780222,106,1206516,96086,1330,84.58,56.62
Rajasthan,Dungarpur,23.751048076923077,73.84765641025645,124,1388552,141275,1477,99.35,49.09
Rajasthan,Ganganagar,29.256785412667963,73.56192303262948,99,1969168,283142,6295,88.74,60.6
Rajasthan,Hanumangarh,29.1813351791531,74.74632573289902,100,1774692,243163,3360,90.58,58.27
Rajasthan,Jaipur,27.033459290187885,75.77117286012533,110,6626178,990085,76565,91.04,64.91
Rajasthan,Jaisalmer,26.86900838548185,71.18371877346682,114,669919,43141,754,85.21,46.07
Rajasthan,Jalor,25.07578093797277,72.18647261724662,116,1828730,161845,1585,95.24,45.36
Rajasthan,Jhalawar,24.247255414746572,76.11242891705065,129,1411129,220428,1750,94.6,52.43
Rajasthan,Jhunjhunun,28.13517401247401,75.52840893970894,103,2137045,297559,4828,95.0,64.12
Rajasthan,Jodhpur,26.678460838536967,73.00450847457628,113,3687165,408808,19335,91.65,55.1
Rajasthan,Karauli,26.51901555555556,76.96081818181815,107,1458248,132079,1059,86.09,55.26
Rajasthan,Kota,25.175718080000017,76.18618928000001,127,1951014,339899,12843,91.06,66.55
Rajasthan,Nagaur,27.07862016048146,74.14215667001012,112,3307743,347344,4449,94.99,53.17
Rajasthan,Pali,25.80490393541874,73.55285640766907,118,2037573,326793,4043,98.71,53.28
Rajasthan,Rajsamand,25.24894767441859,73.96570215946844,123,1156597,193276,1989,98.95,53.53
Rajasthan,Sawai Madhopur,26.251081180223288,76.4219283891548,108,1335551,140947,1887,89.7,55.54
Rajasthan,Sikar,27.646440586419757,75.29317422839503,111,2677333,339457,5647,94.72,61.71
Rajasthan,Sirohi,24.7976905263158,72.75309131578943,117,1036346,134089,2146,93.99,46.01
Rajasthan,Tonk,26.153935071707927,75.79192216427637,120,1421326,158264,1908,95.2,52.74
Rajasthan,Udaipur,24.44076752136749,73.84029839743584,130,3068420,357846,14211,95.84,51.58
Sikkim,East,27.29600352941175,88.74908392156858,93,1709346,352758,80037,88.36,79.15
Tamil Nadu,Ariyalur,11.190514836795256,79.22249643916912,616,754894,177502,1749,101.46,63.67
Tamil Nadu,Chennai,13.058098905608748,80.28139151846806,603,4646732,1096334,217368,98.93,81.27
Tamil Nadu,Coimbatore,10.871376995940452,77.07619012178621,632,3458045,896325,63273,99.97,76.23
Tamil Nadu,Cuddalore,11.57587300613498,79.63002365371497,617,2605914,598412,15396,98.67,69.66
Tamil Nadu,Dharmapuri,12.300141200000006,78.11509813333339,630,1506843,337972,3651,94.61,60.9
Tamil Nadu,Dindigul,10.377801390820574,77.78011279554937,612,2159775,500057,9155,99.81,68.61
Tamil Nadu,Erode,11.267012155963302,77.42034334862392,610,2251744,595211,18604,99.29,66.29
Tamil Nadu,Kancheepuram,12.496424756511884,80.08820360135913,604,3998252,961161,100322,98.63,75.37
Tamil Nadu,Kanniyakumari,8.183466300191206,77.32053064053538,629,1870374,465692,15673,101.91,82.8
Tamil Nadu,Karur,10.79532776617955,78.08749686847604,613,1064493,264949,4915,101.54,68.3
Tamil Nadu,Madurai,9.904313833333331,78.01366033333332,623,3038252,754141,34097,99.04,74.83
Tamil Nadu,Nagapattinam,10.789468161718286,79.79437299431483,618,1616450,381940,5585,102.53,75.04
Tamil Nadu,Namakkal,11.33766638477801,78.14624841437633,609,1726601,441044,8960,98.62,68.12
Tamil Nadu,Perambalur,11.260137758112096,78.86034011799416,615,565223,135751,1507,100.32,66.49
Tamil Nadu,Pudukkottai,10.130514816433578,79.05444484265728,621,1618345,354493,4494,101.49,68.62
Tamil Nadu,Ramanathapuram,9.31286995153476,78.99185362412462,626,1353445,291400,5172,98.26,72.33
Tamil Nadu,Salem,11.629324202127655,78.2478257978723,608,3482056,835377,20660,95.45,65.64
Tamil Nadu,Sivaganga,9.960306580645158,78.56535729032255,622,1339101,314270,5773,100.26,71.67
Tamil Nadu,Thanjavur,10.387692255892237,79.3194869107745,620,2405890,555582,13495,103.47,74.44
Tamil Nadu,Theni,9.924066666666668,77.43458833333332,624,1245899,312310,4667,99.13,69.84
Tamil Nadu,Thiruvallur,13.275858101752885,80.19724702864492,602,3728104,909400,75634,98.72,74.88
Tamil Nadu,Thiruvarur,10.368927409395978,79.60322893959727,619,1264277,303114,4416,101.74,74.86
Tamil Nadu,Tiruvannamalai,12.419318947368414,79.23265631578953,606,2464875,549077,6445,99.44,66.0
Tamil Nadu,Vellore,12.784882632293078,79.02643283582084,605,3936331,865913,20623,100.66,70.47
Tamil Nadu,Virudhunagar,9.468872195892564,77.87641469194315,625,1942288,505950,10219,100.71,72.02
Tripura,Dhalai,23.781360477941163,91.94654283088232,291,378230,46875,273,94.42,73.03
Tripura,North Tripura,24.121739755351683,92.17842538226292,292,693947,81601,997,96.66,74.99
Tripura,South Tripura,23.211874098057383,91.6065807585568,290,876001,133744,948,95.74,73.84
Tripura,West Tripura,23.780166241299337,91.41310788863107,289,1725739,314567,6394,96.23,78.89
Uttar Pradesh,Agra,26.995129749103935,78.05278291517321,146,4418797,536402,27183,86.85,60.66
Uttar Pradesh,Aligarh,27.937485768500935,78.00146831119557,143,3673889,268120,13634,88.21,56.96
Uttar Pradesh,Allahabad,25.392038662316445,82.05172446982063,175,5954391,391542,24122,90.13,61.56
Uttar Pradesh,Ambedkar Nagar,26.39119025974028,82.68282142857147,178,2397888,99581,2509,97.78,62.01
Uttar Pradesh,Auraiya,26.66892394014961,79.42637057356607,162,1379545,65479,2404,86.41,67.47
Uttar Pradesh,Azamgarh,26.00829095477383,83.01220251256285,191,4613913,183381,6652,101.92,60.08
Uttar Pradesh,Baghpat,29.045793499999988,77.30266300000001,139,1303048,119121,2989,86.13,61.24
Uttar Pradesh,Bahraich,27.691776300578027,81.46779783237004,180,3487731,85814,2681,89.15,40.09
Uttar Pradesh,Ballia,25.86075638297873,84.03651978723408,193,3239774,119972,4672,93.66,60.61
Uttar Pradesh,Balrampur,27.449076537911324,82.47158326180256,182,2148665,57400,1551,92.75,40.41
Uttar Pradesh,Banda,25.351885902503284,80.52487391304344,170,1799410,73522,1655,86.3,55.74
Uttar Pradesh,Bara Banki,26.922777025232424,81.35762350597606,176,3260699,108116,3159,91.01,51.9
Uttar Pradesh,Bareilly,28.51101940789474,79.43187072368416,150,4448359,272830,15164,88.68,49.27
Uttar Pradesh,Basti,26.833880454545447,82.69790590909092,185,2464464,108101,3423,96.33,56.56
Uttar Pradesh,Bijnor,29.313974259681096,78.45098815489754,134,3682713,268353,7303,91.69,57.98
Uttar Pradesh,Bulandshahr,28.348758620689676,78.01082758620684,142,3499171,223922,7865,89.63,58.06
Uttar Pradesh,Chandauli,25.1180859611231,83.25307062634984,196,1952756,99602,3492,91.84,60.15
Uttar Pradesh,Chitrakoot,25.159924623803,81.07666087551297,171,991730,41046,827,87.93,53.55
Uttar Pradesh,Deoria,26.422188565488575,83.8244070686071,190,3100946,150001,4469,101.7,60.47
Uttar Pradesh,Etah,27.591155309734443,78.70021858407083,201,1774480,69591,2635,87.31,59.47
Uttar Pradesh,Etawah,26.78817670157068,79.07621806282728,161,1581810,113098,2964,87.01,67.14
Uttar Pradesh,Faizabad,26.60589185185181,82.00783530864202,177,2470996,127754,4746,96.17,58.72
Uttar Pradesh,Farrukhabad,27.45063297872342,79.4406284574468,159,1885204,88081,2624,87.35,57.96
Uttar Pradesh,Fatehpur,25.8374362030905,80.85416203090509,172,2632733,75263,3385,90.13,57.44
Uttar Pradesh,Firozabad,27.20963993055552,78.42660624999998,147,2498156,196080,5834,87.54,60.92
Uttar Pradesh,Gautam Buddha Nagar,28.39331103896103,77.52462467532465,141,1648115,257586,53181,85.14,68.14
Uttar Pradesh,Ghaziabad,28.74997308584685,77.67441879350343,140,4681645,695130,78116,88.11,66.71
Uttar Pradesh,Ghazipur,25.624724775583484,83.5360854578097,195,3620268,105767,5309,95.15,60.7
Uttar Pradesh,Gonda,27.157215552099505,82.0226888024882,183,3433919,104084,4313,92.15,48.92
Uttar Pradesh,Gorakhpur,26.63315886792452,83.3549560377358,188,4440895,296619,14597,94.97,60.81
Uttar Pradesh,Hamirpur,25.738158381502895,79.82619479768789,28,454768,104120,2521,109.5,78.74
Uttar Pradesh,Hamirpur,25.738158381502895,79.82619479768789,168,1104285,55929,1196,86.05,59.16
Uttar Pradesh,Hardoi,27.337409090909137,80.26411767676768,155,4092845,95508,3845,86.76,54.28
Uttar Pradesh,Jalaun,26.067954587155988,79.36686911314993,165,1689974,104176,2217,86.51,63.62
Uttar Pradesh,Jaunpur,25.70141280913127,82.54315351934063,194,4494204,181467,8002,102.4,60.78
Uttar Pradesh,Jhansi,25.45581535234902,78.89954580536917,166,1998603,183340,8517,89.0,65.27
Uttar Pradesh,Jyotiba Phule Nagar,28.870498984771594,78.39009365482241,137,1840221,89329,2825,91.0,53.42
Uttar Pradesh,Kannauj,26.993988617886185,79.64437940379408,160,1656616,61491,2488,87.87,61.4
Uttar Pradesh,Kanpur Dehat,26.43047641196011,79.98710083056478,163,1796184,49753,2682,86.47,65.15
Uttar Pradesh,Kaushambi,25.53587532051282,81.41811282051287,174,1599596,43753,1503,90.77,50.85
Uttar Pradesh,Kushinagar,26.892530675909864,83.92261542461007,189,3564544,127331,3486,96.06,54.84
Uttar Pradesh,Lalitpur,24.588771610169452,78.60082330508473,167,1221592,77082,1079,90.57,52.49
Uttar Pradesh,Lucknow,26.838233589251463,80.89706026871404,157,4589838,582769,68506,91.68,68.13
Uttar Pradesh,Mahoba,25.34529670138888,79.67863003472216,169,875958,42936,1316,87.83,55.72
Uttar Pradesh,Mainpuri,27.17386862302482,79.03501851015807,148,1868529,79022,2642,88.1,64.43
Uttar Pradesh,Mathura,27.59390432801821,77.62153416856502,145,2547184,281239,8726,86.32,59.19
Uttar Pradesh,Mau,26.01082203791469,83.50582654028433,192,2205968,149908,2656,97.9,61.79
Uttar Pradesh,Meerut,29.02957625698323,77.80611005586593,138,3443689,425624,23717,88.62,62.19
Uttar Pradesh,Mirzapur,25.10207959183675,82.60126628571429,199,2496970,145997,4447,90.27,57.22
Uttar Pradesh,Moradabad,28.851770406189537,78.73580193423597,135,4772006,281758,11690,90.64,47.44
Uttar Pradesh,Muzaffarnagar,29.470507977736563,77.64017847866423,133,4143512,368153,10077,88.91,58.34
Uttar Pradesh,Pilibhit,28.52024175035868,79.90103974175037,151,2031007,83006,2870,89.46,52.24
Uttar Pradesh,Pratapgarh,25.864842731707313,81.93530048780492,131,867848,71612,716,98.25,46.27
Uttar Pradesh,Pratapgarh,25.864842731707313,81.93530048780492,173,3209141,140538,5149,99.81,60.19
Uttar Pradesh,Rae Bareli,26.253902840059787,81.22260463378181,158,3405559,247856,5184,94.32,57.72
Uttar Pradesh,Rampur,28.83244727272725,79.10977333333337,136,2335819,131112,3847,90.85,44.68
Uttar Pradesh,Saharanpur,30.033811652173917,77.59905147826095,132,3466382,404499,9699,89.0,59.92
Uttar Pradesh,Sant Kabir Nagar,26.791596516393444,83.0387764344262,186,1715183,79525,2031,97.23,55.68
Uttar Pradesh,Shahjahanpur,27.991389350649328,79.8302275324675,152,3006538,115163,3889,87.16,49.59
Uttar Pradesh,Sitapur,27.501995963091108,80.85288881199547,154,4483992,102040,3874,88.78,50.93
Uttar Pradesh,Sonbhadra,24.46693268858798,83.06816324951639,200,1862559,95582,5149,91.75,52.92
Uttar Pradesh,Sultanpur,26.2846386419753,82.05710456790123,179,3797117,233701,5956,98.33,58.99
Uttar Pradesh,Unnao,26.63163990895297,80.636773292868,156,3108367,99466,3476,90.69,57.06
Uttar Pradesh,Varanasi,25.360570888888898,82.82529666666672,197,3676841,336056,19214,91.32,65.38
Uttaranchal,Almora,29.683532133676103,79.50165064267351,64,622506,109876,1830,113.86,70.12
Uttaranchal,Bageshwar,29.98703393393397,79.83954354354357,63,259898,47083,435,109.05,69.06
Uttaranchal,Chamoli,30.583386114649652,79.56281095541402,57,391605,71524,899,101.87,71.64
Uttaranchal,Champawat,29.29142393939393,80.07720212121217,65,259648,37725,548,98.02,68.45
Uttaranchal,Pithoragarh,30.147206318681295,80.34229230769236,62,483439,95421,1344,102.02,71.48
Uttaranchal,Tehri Garhwal,30.463700918635173,78.48783792650917,59,618931,117239,1366,107.7,65.92
Uttaranchal,Udham Singh Nagar,29.02779577677222,79.45629004524895,67,1648902,254802,7883,92.0,62.94
Uttaranchal,Uttarkashi,30.96895855203623,78.56880615384617,56,330086,52621,602,95.78,65.17
West Bengal,Bankura,23.081280892857155,87.12640053571437,339,3596674,334670,4273,95.67,62.08
West Bengal,Barddhaman,23.444453888888884,87.8150581111111,335,7717563,1049943,32323,94.55,67.99
West Bengal,Birbhum,24.06389342723,87.65153089201888,334,3502404,333752,5210,95.56,61.63
West Bengal,Dakshin Dinajpur,25.342094363021435,88.69821679819614,331,1676276,168069,2518,95.55,64.65
West Bengal,Darjiling,26.839619571045585,88.33145067024122,327,1846823,297176,10943,97.05,71.24
West Bengal,Haora,22.401674174428507,87.99421176968654,341,4850029,796953,30751,93.94,74.33
West Bengal,Hugli,22.879292647058815,88.00010264705891,338,5519145,965258,31725,96.09,73.9
West Bengal,Jalpaiguri,26.62642031250004,89.04154375000003,328,3872846,382500,9322,95.3,64.52
West Bengal,Kolkata,22.550581481481483,88.3527648148148,342,4496694,927602,136618,90.8,79.8
West Bengal,Maldah,25.08026802575105,88.17191684549356,332,3988845,297716,5357,94.43,52.31
West Bengal,Murshidabad,24.25950655391121,88.16816860465121,333,7103807,541169,7951,95.83,57.09
West Bengal,Nadia,23.56410971055088,88.58293034547152,336,5167600,623729,12787,94.73,67.35
West Bengal,Puruliya,23.254192328767108,86.3968532876713,340,2930115,189889,3551,95.73,55.46
West Bengal,Uttar Dinajpur,26.044619165196977,88.23595232216337,330,3007134,199307,2883,93.88,49.54
